{"w2lHGZZFApJ/KcP4ICWO5w==":"krasivyievyazannyieveshhifo1-523x523.jpg","PT3cVYyjgjtJfoFiCY3DZw==":"nitki_klubok_pryazha_111190_3840x2160-2000x1125.jpg","tO00qtyYisxrDUXD3fFIRg==":"nitki_klubok_pryazha_111190_3840x2160-1-2000x1125.jpg","oGFEbG3WQunkk0On4BtMdQ==":"nitki_klubok_pryazha_111190_3840x2160-2-2000x1125.jpg","8zWXGuYQutzCVOPe7Ft71A==":"nitki_klubok_pryazha_111190_3840x2160-3-2000x1125.jpg","c2TvIY9DOp6MgtnBmGHs+g==":"1-640x669.jpg","lwKl57pJp9JxYtBIZTKz7g==":"1-1-640x669.jpg","0Z47M9etl8214mrwYzTJiA==":"16908293_735417253293643_896244887379247104_n-640x640.jpg","vnGgVmxQYf9rLE/3ynZlBA==":"2d9fff60bd1473004c62acb2136ff106-564x676.jpg","jYegY3Xq86nRgULItBJJ/A==":"2d9fff60bd1473004c62acb2136ff106-1-564x676.jpg","nZsiceuVtbcnzfy1eIrkZA==":"modnye-vyazanye-veshi-2017-610x414.jpg","xuM2EaJP3AVAJH+t32Mbfg==":"modnye-vyazanye-veshi-2018-610x414.jpg","YcPjN8r8F7RHa9D8kNIsNw==":"image_12614_1-4-855x1290.jpg","j2L2s01CrveBXD/yowjfmQ==":"image_12614_1-5-855x1290.jpg","p5xlAiQnCboxo/essqqVpA==":"modnye-vyazanye-veshi-2019-610x414.jpg","c0Pe8xmJrMUpnku2cZUhwQ==":"image_12614_1-6-855x1290.jpg"}